,0
0,"/wiki/Aleksandr%C3%B3w_Kujawski"" title=""Aleksandrów Kujawski"
1,"/wiki/Aleksandr%C3%B3w_%C5%81%C3%B3dzki"" title=""Aleksandrów Łódzki"
2,"/wiki/Alwernia"" title=""Alwernia"
3,"/wiki/Andrych%C3%B3w"" title=""Andrychów"
4,"/wiki/Annopol"" title=""Annopol"
5,"/wiki/August%C3%B3w"" title=""Augustów"
6,"/wiki/Babimost"" title=""Babimost"
7,"/wiki/Babor%C3%B3w"" title=""Baborów"
8,"/wiki/Baran%C3%B3w_Sandomierski"" title=""Baranów Sandomierski"
9,"/wiki/Barcin"" title=""Barcin"
10,"/wiki/Barczewo"" title=""Barczewo"
11,"/wiki/Barlinek"" title=""Barlinek"
12,"/wiki/Bartoszyce"" title=""Bartoszyce"
13,"/wiki/Barwice"" title=""Barwice"
14,"/wiki/Be%C5%82chat%C3%B3w"" title=""Bełchatów"
15,"/wiki/Be%C5%82%C5%BCyce"" title=""Bełżyce"
16,"/wiki/B%C4%99dzin"" title=""Będzin"
17,"/wiki/Bia%C5%82a_Piska"" title=""Biała Piska"
18,"/wiki/Bia%C5%82a_Podlaska"" title=""Biała Podlaska"
19,"/wiki/Bia%C5%82a_Rawska"" title=""Biała Rawska"
20,"/wiki/Bia%C5%82obrzegi"" title=""Białobrzegi"
21,"/wiki/Bia%C5%82ogard"" title=""Białogard"
22,"/wiki/Bia%C5%82y_B%C3%B3r"" title=""Biały Bór"
23,"/wiki/Bia%C5%82ystok"" title=""Białystok"
24,"/wiki/Biecz"" title=""Biecz"
25,"/wiki/Bielawa"" title=""Bielawa"
26,"/wiki/Bielsk_Podlaski"" title=""Bielsk Podlaski"
27,"/wiki/Bieru%C5%84"" title=""Bieruń"
28,"/wiki/Bierut%C3%B3w"" title=""Bierutów"
29,"/wiki/Bie%C5%BCu%C5%84"" title=""Bieżuń"
30,"/wiki/Bi%C5%82goraj"" title=""Biłgoraj"
31,"/wiki/Biskupiec"" title=""Biskupiec"
32,"/wiki/Bisztynek"" title=""Bisztynek"
33,"/wiki/Blachownia"" title=""Blachownia"
34,"/wiki/B%C5%82aszki"" title=""Błaszki"
35,"/wiki/B%C5%82a%C5%BCowa"" title=""Błażowa"
36,"/wiki/B%C5%82onie"" title=""Błonie"
37,"/wiki/Bobolice"" title=""Bobolice"
38,"/wiki/Bobowa"" title=""Bobowa"
39,"/wiki/Bochnia"" title=""Bochnia"
40,"/wiki/Bodzentyn"" title=""Bodzentyn"
41,"/wiki/Bogatynia"" title=""Bogatynia"
42,"/wiki/Boguchwa%C5%82a"" title=""Boguchwała"
43,"/wiki/Bojanowo"" title=""Bojanowo"
44,"/wiki/Boles%C5%82awiec"" title=""Bolesławiec"
45,"/wiki/Bolim%C3%B3w"" title=""Bolimów"
46,"/wiki/Bolk%C3%B3w"" title=""Bolków"
47,"/wiki/Borek_Wielkopolski"" title=""Borek Wielkopolski"
48,"/wiki/Borne_Sulinowo"" title=""Borne Sulinowo"
49,"/wiki/Braniewo"" title=""Braniewo"
50,"/wiki/Bra%C5%84sk"" title=""Brańsk"
51,"/wiki/Brodnica"" title=""Brodnica"
52,"/wiki/Brok"" title=""Brok"
53,"/wiki/Brusy"" title=""Brusy"
54,"/wiki/Brwin%C3%B3w"" title=""Brwinów"
55,"/wiki/Brzeg_Dolny"" title=""Brzeg Dolny"
56,"/wiki/Brzesko"" title=""Brzesko"
57,"/wiki/Brzeszcze"" title=""Brzeszcze"
58,"/wiki/Brze%C5%9B%C4%87_Kujawski"" title=""Brześć Kujawski"
59,"/wiki/Brzeziny"" title=""Brzeziny"
60,"/wiki/Brzostek"" title=""Brzostek"
61,"/wiki/Brzoz%C3%B3w"" title=""Brzozów"
62,"/wiki/Budzy%C5%84"" title=""Budzyń"
63,"/wiki/Bukowno"" title=""Bukowno"
64,"/wiki/Bychawa"" title=""Bychawa"
65,"/wiki/Byczyna"" title=""Byczyna"
66,"/wiki/Bydgoszcz"" title=""Bydgoszcz"
67,"/wiki/Bystrzyca_K%C5%82odzka"" title=""Bystrzyca Kłodzka"
68,"/wiki/Bytom"" title=""Bytom"
69,"/wiki/Bytom_Odrza%C5%84ski"" title=""Bytom Odrzański"
70,"/wiki/Byt%C3%B3w"" title=""Bytów"
71,"/wiki/Cedynia"" title=""Cedynia"
72,"/wiki/Ceg%C5%82%C3%B3w"" title=""Cegłów"
73,"/wiki/Che%C5%82m"" title=""Chełm"
74,"/wiki/Che%C5%82mek"" title=""Chełmek"
75,"/wiki/Che%C5%82mno"" title=""Chełmno"
76,"/wiki/Che%C5%82m%C5%BCa"" title=""Chełmża"
77,"/wiki/Ch%C4%99ciny"" title=""Chęciny"
78,"/wiki/Chocian%C3%B3w"" title=""Chocianów"
79,"/wiki/Chociwel"" title=""Chociwel"
80,"/wiki/Chocz"" title=""Chocz"
81,"/wiki/Chodecz"" title=""Chodecz"
82,"/wiki/Chodzie%C5%BC"" title=""Chodzież"
83,"/wiki/Chojna"" title=""Chojna"
84,"/wiki/Chojnice"" title=""Chojnice"
85,"/wiki/Chojn%C3%B3w"" title=""Chojnów"
86,"/wiki/Choroszcz"" title=""Choroszcz"
87,"/wiki/Chorzele"" title=""Chorzele"
88,"/wiki/Chorz%C3%B3w"" title=""Chorzów"
89,"/wiki/Choszczno"" title=""Choszczno"
90,"/wiki/Chrzan%C3%B3w"" title=""Chrzanów"
91,"/wiki/Ciechanowiec"" title=""Ciechanowiec"
92,"/wiki/Ciechan%C3%B3w"" title=""Ciechanów"
93,"/wiki/Ciechocinek"" title=""Ciechocinek"
94,"/wiki/Cieszan%C3%B3w"" title=""Cieszanów"
95,"/wiki/Cieszyn"" title=""Cieszyn"
96,"/wiki/Ci%C4%99%C5%BCkowice"" title=""Ciężkowice"
97,"/wiki/Cybinka"" title=""Cybinka"
98,"/wiki/Czaplinek"" title=""Czaplinek"
99,"/wiki/Czarna_Bia%C5%82ostocka"" title=""Czarna Białostocka"
100,"/wiki/Czarne"" title=""Czarne"
101,"/wiki/Czarnk%C3%B3w"" title=""Czarnków"
102,"/wiki/Czch%C3%B3w"" title=""Czchów"
103,"/wiki/Czempi%C5%84"" title=""Czempiń"
104,"/wiki/Czerniejewo"" title=""Czerniejewo"
105,"/wiki/Czersk"" title=""Czersk"
106,"/wiki/Czerwie%C5%84sk"" title=""Czerwieńsk"
107,"/wiki/Czerwi%C5%84sk_nad_Wis%C5%82%C4%85"" title=""Czerwińsk nad Wisłą"
108,"/wiki/Cz%C4%99stochowa"" title=""Częstochowa"
109,"/wiki/Cz%C5%82opa"" title=""Człopa"
110,"/wiki/Cz%C5%82uch%C3%B3w"" title=""Człuchów"
111,"/wiki/Czy%C5%BCew"" title=""Czyżew"
112,"/wiki/%C4%86miel%C3%B3w"" title=""Ćmielów"
113,"/wiki/Daleszyce"" title=""Daleszyce"
114,"/wiki/Dar%C5%82owo"" title=""Darłowo"
115,"/wiki/D%C4%85bie"" title=""Dąbie"
116,"/wiki/D%C4%85browa_Bia%C5%82ostocka"" title=""Dąbrowa Białostocka"
117,"/wiki/D%C4%85browa_G%C3%B3rnicza"" title=""Dąbrowa Górnicza"
118,"/wiki/D%C4%85browa_Tarnowska"" title=""Dąbrowa Tarnowska"
119,"/wiki/Debrzno"" title=""Debrzno"
120,"/wiki/D%C4%99bica"" title=""Dębica"
121,"/wiki/D%C4%99blin"" title=""Dęblin"
122,"/wiki/D%C4%99bno"" title=""Dębno"
123,"/wiki/Dobczyce"" title=""Dobczyce"
124,"/wiki/Dobiegniew"" title=""Dobiegniew"
125,"/wiki/Dobre_Miasto"" title=""Dobre Miasto"
126,"/wiki/Dobrodzie%C5%84"" title=""Dobrodzień"
127,"/wiki/Dobrzany"" title=""Dobrzany"
128,"/wiki/Dobrzyca"" title=""Dobrzyca"
129,"/wiki/Dobrzy%C5%84_nad_Wis%C5%82%C4%85"" title=""Dobrzyń nad Wisłą"
130,"/wiki/Dolsk"" title=""Dolsk"
131,"/wiki/Drawno"" title=""Drawno"
132,"/wiki/Drawsko_Pomorskie"" title=""Drawsko Pomorskie"
133,"/wiki/Drezdenko"" title=""Drezdenko"
134,"/wiki/Drobin"" title=""Drobin"
135,"/wiki/Dubiecko"" title=""Dubiecko"
136,"/wiki/Dukla"" title=""Dukla"
137,"/wiki/Dyn%C3%B3w"" title=""Dynów"
138,"/wiki/Dzia%C5%82dowo"" title=""Działdowo"
139,"/wiki/Dzia%C5%82oszyce"" title=""Działoszyce"
140,"/wiki/Dzia%C5%82oszyn"" title=""Działoszyn"
141,"/wiki/Dzierzgo%C5%84"" title=""Dzierzgoń"
142,"/wiki/Dzier%C5%BConi%C3%B3w"" title=""Dzierżoniów"
143,"/wiki/Dziwn%C3%B3w"" title=""Dziwnów"
144,"/wiki/Elbl%C4%85g"" title=""Elbląg"
145,"/wiki/E%C5%82k"" title=""Ełk"
146,"/wiki/Frampol"" title=""Frampol"
147,"/wiki/Frombork"" title=""Frombork"
148,"/wiki/Garwolin"" title=""Garwolin"
149,"/wiki/G%C4%85bin"" title=""Gąbin"
150,"/wiki/Gda%C5%84sk"" title=""Gdańsk"
151,"/wiki/Gdynia"" title=""Gdynia"
152,"/wiki/Gi%C5%BCycko"" title=""Giżycko"
153,"/wiki/Glinojeck"" title=""Glinojeck"
154,"/wiki/Gliwice"" title=""Gliwice"
155,"/wiki/G%C5%82og%C3%B3w"" title=""Głogów"
156,"/wiki/G%C5%82og%C3%B3w_Ma%C5%82opolski"" title=""Głogów Małopolski"
157,"/wiki/G%C5%82og%C3%B3wek"" title=""Głogówek"
158,"/wiki/G%C5%82owno"" title=""Głowno"
159,"/wiki/G%C5%82ubczyce"" title=""Głubczyce"
160,"/wiki/G%C5%82ucho%C5%82azy"" title=""Głuchołazy"
161,"/wiki/G%C5%82uszyca"" title=""Głuszyca"
162,"/wiki/Gniewkowo"" title=""Gniewkowo"
163,"/wiki/Gniezno"" title=""Gniezno"
164,"/wiki/Gogolin"" title=""Gogolin"
165,"/wiki/Golczewo"" title=""Golczewo"
166,"/wiki/Goleni%C3%B3w"" title=""Goleniów"
167,"/wiki/Golina"" title=""Golina"
168,"/wiki/Go%C5%82a%C5%84cz"" title=""Gołańcz"
169,"/wiki/Go%C5%82dap"" title=""Gołdap"
170,"/wiki/Goni%C4%85dz"" title=""Goniądz"
171,"/wiki/Goraj"" title=""Goraj"
172,"/wiki/Gorlice"" title=""Gorlice"
173,"/wiki/Gorz%C3%B3w_%C5%9Al%C4%85ski"" title=""Gorzów Śląski"
174,"/wiki/Gorz%C3%B3w_Wielkopolski"" title=""Gorzów Wielkopolski"
175,"/wiki/Gostynin"" title=""Gostynin"
176,"/wiki/Gosty%C5%84"" title=""Gostyń"
177,"/wiki/Go%C5%9Bcino"" title=""Gościno"
178,"/wiki/Gozdnica"" title=""Gozdnica"
179,"/wiki/G%C3%B3ra_Kalwaria"" title=""Góra Kalwaria"
180,"/wiki/G%C3%B3rowo_I%C5%82aweckie"" title=""Górowo Iławeckie"
181,"/wiki/G%C3%B3rzno"" title=""Górzno"
182,"/wiki/Grab%C3%B3w_nad_Prosn%C4%85"" title=""Grabów nad Prosną"
183,"/wiki/Grajewo"" title=""Grajewo"
184,"/wiki/Grodk%C3%B3w"" title=""Grodków"
185,"/wiki/Grodzisk_Mazowiecki"" title=""Grodzisk Mazowiecki"
186,"/wiki/Grodzisk_Wielkopolski"" title=""Grodzisk Wielkopolski"
187,"/wiki/Gr%C3%B3jec"" title=""Grójec"
188,"/wiki/Grudzi%C4%85dz"" title=""Grudziądz"
189,"/wiki/Gryb%C3%B3w"" title=""Grybów"
190,"/wiki/Gryfice"" title=""Gryfice"
191,"/wiki/Gryfino"" title=""Gryfino"
192,"/wiki/Gryf%C3%B3w_%C5%9Al%C4%85ski"" title=""Gryfów Śląski"
193,"/wiki/Gubin"" title=""Gubin"
194,"/wiki/Hajn%C3%B3wka"" title=""Hajnówka"
195,"/wiki/Halin%C3%B3w"" title=""Halinów"
196,"/wiki/Hrubiesz%C3%B3w"" title=""Hrubieszów"
197,"/wiki/I%C5%82awa"" title=""Iława"
198,"/wiki/I%C5%82owa"" title=""Iłowa"
199,"/wiki/I%C5%82%C5%BCa"" title=""Iłża"
200,"/wiki/Imielin"" title=""Imielin"
201,"/wiki/Inowroc%C5%82aw"" title=""Inowrocław"
202,"/wiki/I%C5%84sko"" title=""Ińsko"
203,"/wiki/Iwaniska"" title=""Iwaniska"
204,"/wiki/Izbica_Kujawska"" title=""Izbica Kujawska"
205,"/wiki/Jab%C5%82onowo_Pomorskie"" title=""Jabłonowo Pomorskie"
206,"/wiki/Janikowo"" title=""Janikowo"
207,"/wiki/Janowiec_Wielkopolski"" title=""Janowiec Wielkopolski"
208,"/wiki/Jan%C3%B3w_Lubelski"" title=""Janów Lubelski"
209,"/wiki/Jaraczewo"" title=""Jaraczewo"
210,"/wiki/Jarocin"" title=""Jarocin"
211,"/wiki/Jas%C5%82o"" title=""Jasło"
212,"/wiki/Jastarnia"" title=""Jastarnia"
213,"/wiki/Jastrowie"" title=""Jastrowie"
214,"/wiki/Jaworzno"" title=""Jaworzno"
215,"/wiki/Jaworzyna_%C5%9Al%C4%85ska"" title=""Jaworzyna Śląska"
216,"/wiki/Jedlicze"" title=""Jedlicze"
217,"/wiki/Jedwabne"" title=""Jedwabne"
218,"/wiki/Jelenia_G%C3%B3ra"" title=""Jelenia Góra"
219,"/wiki/Jeziorany"" title=""Jeziorany"
220,"/wiki/J%C4%99drzej%C3%B3w"" title=""Jędrzejów"
221,"/wiki/Jordan%C3%B3w"" title=""Jordanów"
222,"/wiki/J%C3%B3zef%C3%B3w_nad_Wis%C5%82%C4%85"" title=""Józefów nad Wisłą"
223,"/wiki/Jutrosin"" title=""Jutrosin"
224,"/wiki/Kaczory"" title=""Kaczory"
225,"/wiki/Kalety"" title=""Kalety"
226,"/wiki/Kalisz"" title=""Kalisz"
227,"/wiki/Kalisz_Pomorski"" title=""Kalisz Pomorski"
228,"/wiki/Kalwaria_Zebrzydowska"" title=""Kalwaria Zebrzydowska"
229,"/wiki/Ka%C5%82uszyn"" title=""Kałuszyn"
230,"/wiki/Kamieniec_Z%C4%85bkowicki"" title=""Kamieniec Ząbkowicki"
231,"/wiki/Kamienna_G%C3%B3ra"" title=""Kamienna Góra"
232,"/wiki/Kamie%C5%84_Kraje%C5%84ski"" title=""Kamień Krajeński"
233,"/wiki/Kamie%C5%84_Pomorski"" title=""Kamień Pomorski"
234,"/wiki/Kamie%C5%84sk"" title=""Kamieńsk"
235,"/wiki/Ka%C5%84czuga"" title=""Kańczuga"
236,"/wiki/Karczew"" title=""Karczew"
237,"/wiki/Kargowa"" title=""Kargowa"
238,"/wiki/Karlino"" title=""Karlino"
239,"/wiki/Karpacz"" title=""Karpacz"
240,"/wiki/Kartuzy"" title=""Kartuzy"
241,"/wiki/Katowice"" title=""Katowice"
242,"/wiki/Kazimierz_Dolny"" title=""Kazimierz Dolny"
243,"/wiki/Kazimierza_Wielka"" title=""Kazimierza Wielka"
244,"/wiki/K%C4%85ty_Wroc%C5%82awskie"" title=""Kąty Wrocławskie"
245,"/wiki/Kcynia"" title=""Kcynia"
246,"/wiki/K%C4%99pice"" title=""Kępice"
247,"/wiki/K%C4%99pno"" title=""Kępno"
248,"/wiki/K%C4%99trzyn"" title=""Kętrzyn"
249,"/wiki/K%C4%99ty"" title=""Kęty"
250,"/wiki/Kielce"" title=""Kielce"
251,"/wiki/Kietrz"" title=""Kietrz"
252,"/wiki/Kisielice"" title=""Kisielice"
253,"/wiki/Kleczew"" title=""Kleczew"
254,"/wiki/Kleszczele"" title=""Kleszczele"
255,"/wiki/Klimont%C3%B3w"" title=""Klimontów"
256,"/wiki/Kluczbork"" title=""Kluczbork"
257,"/wiki/K%C5%82ecko"" title=""Kłecko"
258,"/wiki/K%C5%82obuck"" title=""Kłobuck"
259,"/wiki/K%C5%82odawa"" title=""Kłodawa"
260,"/wiki/K%C5%82odzko"" title=""Kłodzko"
261,"/wiki/Knur%C3%B3w"" title=""Knurów"
262,"/wiki/Knyszyn"" title=""Knyszyn"
263,"/wiki/Kobylin"" title=""Kobylin"
264,"/wiki/Koby%C5%82ka"" title=""Kobyłka"
265,"/wiki/Kock"" title=""Kock"
266,"/wiki/Kolbuszowa"" title=""Kolbuszowa"
267,"/wiki/Kolno"" title=""Kolno"
268,"/wiki/Kolonowskie"" title=""Kolonowskie"
269,"/wiki/Koluszki"" title=""Koluszki"
270,"/wiki/Ko%C5%82aczyce"" title=""Kołaczyce"
271,"/wiki/Ko%C5%82obrzeg"" title=""Kołobrzeg"
272,"/wiki/Koniecpol"" title=""Koniecpol"
273,"/wiki/Konin"" title=""Konin"
274,"/wiki/Konstantyn%C3%B3w_%C5%81%C3%B3dzki"" title=""Konstantynów Łódzki"
275,"/wiki/Ko%C5%84skie"" title=""Końskie"
276,"/wiki/Koprzywnica"" title=""Koprzywnica"
277,"/wiki/Korfant%C3%B3w"" title=""Korfantów"
278,"/wiki/Koronowo"" title=""Koronowo"
279,"/wiki/Korsze"" title=""Korsze"
280,"/wiki/Kos%C3%B3w_Lacki"" title=""Kosów Lacki"
281,"/wiki/Kostrzyn"" title=""Kostrzyn"
282,"/wiki/Kostrzyn_nad_Odr%C4%85"" title=""Kostrzyn nad Odrą"
283,"/wiki/Koszalin"" title=""Koszalin"
284,"/wiki/Ko%C5%9Bcian"" title=""Kościan"
285,"/wiki/Ko%C5%9Bcierzyna"" title=""Kościerzyna"
286,"/wiki/Kowalewo_Pomorskie"" title=""Kowalewo Pomorskie"
287,"/wiki/Kowary"" title=""Kowary"
288,"/wiki/Kozienice"" title=""Kozienice"
289,"/wiki/Ko%C5%BAmin_Wielkopolski"" title=""Koźmin Wielkopolski"
290,"/wiki/Ko%C5%BAminek"" title=""Koźminek"
291,"/wiki/Ko%C5%BCuch%C3%B3w"" title=""Kożuchów"
292,"/wiki/K%C3%B3rnik"" title=""Kórnik"
293,"/wiki/Krajenka"" title=""Krajenka"
294,"/wiki/Krak%C3%B3w"" title=""Kraków"
295,"/wiki/Krapkowice"" title=""Krapkowice"
296,"/wiki/Krasnobr%C3%B3d"" title=""Krasnobród"
297,"/wiki/Krasnystaw"" title=""Krasnystaw"
298,"/wiki/Kra%C5%9Bnik"" title=""Kraśnik"
299,"/wiki/Krobia"" title=""Krobia"
300,"/wiki/Krosno"" title=""Krosno"
301,"/wiki/Krosno_Odrza%C5%84skie"" title=""Krosno Odrzańskie"
302,"/wiki/Kro%C5%9Bniewice"" title=""Krośniewice"
303,"/wiki/Krotoszyn"" title=""Krotoszyn"
304,"/wiki/Kruszwica"" title=""Kruszwica"
305,"/wiki/Krynica_Morska"" title=""Krynica Morska"
306,"/wiki/Krynki"" title=""Krynki"
307,"/wiki/Krzanowice"" title=""Krzanowice"
308,"/wiki/Krzepice"" title=""Krzepice"
309,"/wiki/Krzeszowice"" title=""Krzeszowice"
310,"/wiki/Krzywi%C5%84"" title=""Krzywiń"
311,"/wiki/Krzy%C5%BC_Wielkopolski"" title=""Krzyż Wielkopolski"
312,"/wiki/Ksi%C4%85%C5%BC_Wielkopolski"" title=""Książ Wielkopolski"
313,"/wiki/Kun%C3%B3w"" title=""Kunów"
314,"/wiki/Kutno"" title=""Kutno"
315,"/wiki/Ku%C5%BAnia_Raciborska"" title=""Kuźnia Raciborska"
316,"/wiki/Kwidzyn"" title=""Kwidzyn"
317,"/wiki/Legionowo"" title=""Legionowo"
318,"/wiki/Legnica"" title=""Legnica"
319,"/wiki/Lesko"" title=""Lesko"
320,"/wiki/Leszno"" title=""Leszno"
321,"/wiki/Le%C5%9Bna"" title=""Leśna"
322,"/wiki/Lewin_Brzeski"" title=""Lewin Brzeski"
323,"/wiki/Le%C5%BCajsk"" title=""Leżajsk"
324,"/wiki/L%C4%99bork"" title=""Lębork"
325,"/wiki/L%C4%99dziny"" title=""Lędziny"
326,"/wiki/Libi%C4%85%C5%BC"" title=""Libiąż"
327,"/wiki/Lidzbark"" title=""Lidzbark"
328,"/wiki/Lidzbark_Warmi%C5%84ski"" title=""Lidzbark Warmiński"
329,"/wiki/Limanowa"" title=""Limanowa"
330,"/wiki/Lipiany"" title=""Lipiany"
331,"/wiki/Lipno"" title=""Lipno"
332,"/wiki/Lipsko"" title=""Lipsko"
333,"/wiki/Lubacz%C3%B3w"" title=""Lubaczów"
334,"/wiki/Lubart%C3%B3w"" title=""Lubartów"
335,"/wiki/Lubawa"" title=""Lubawa"
336,"/wiki/Lubawka"" title=""Lubawka"
337,"/wiki/Lubie%C5%84_Kujawski"" title=""Lubień Kujawski"
338,"/wiki/Lubin"" title=""Lubin"
339,"/wiki/Lublin"" title=""Lublin"
340,"/wiki/Lubliniec"" title=""Lubliniec"
341,"/wiki/Lubniewice"" title=""Lubniewice"
342,"/wiki/Lubomierz"" title=""Lubomierz"
343,"/wiki/Lubo%C5%84"" title=""Luboń"
344,"/wiki/Lubowidz"" title=""Lubowidz"
345,"/wiki/Lubraniec"" title=""Lubraniec"
346,"/wiki/Lubsko"" title=""Lubsko"
347,"/wiki/Lubycza_Kr%C3%B3lewska"" title=""Lubycza Królewska"
348,"/wiki/Lutomiersk"" title=""Lutomiersk"
349,"/wiki/Lutut%C3%B3w"" title=""Lututów"
350,"/wiki/Lw%C3%B3wek"" title=""Lwówek"
351,"/wiki/Lw%C3%B3wek_%C5%9Al%C4%85ski"" title=""Lwówek Śląski"
352,"/wiki/%C5%81abiszyn"" title=""Łabiszyn"
353,"/wiki/%C5%81ag%C3%B3w"" title=""Łagów"
354,"/wiki/%C5%81a%C5%84cut"" title=""Łańcut"
355,"/wiki/%C5%81apy"" title=""Łapy"
356,"/wiki/%C5%81asin"" title=""Łasin"
357,"/wiki/%C5%81ask"" title=""Łask"
358,"/wiki/%C5%81askarzew"" title=""Łaskarzew"
359,"/wiki/%C5%81aszcz%C3%B3w"" title=""Łaszczów"
360,"/wiki/%C5%81aziska_G%C3%B3rne"" title=""Łaziska Górne"
361,"/wiki/%C5%81azy"" title=""Łazy"
362,"/wiki/%C5%81eba"" title=""Łeba"
363,"/wiki/%C5%81%C4%99czna"" title=""Łęczna"
364,"/wiki/%C5%81%C4%99czyca"" title=""Łęczyca"
365,"/wiki/%C5%81%C4%99knica"" title=""Łęknica"
366,"/wiki/%C5%81obez"" title=""Łobez"
367,"/wiki/%C5%81ob%C5%BCenica"" title=""Łobżenica"
368,"/wiki/%C5%81och%C3%B3w"" title=""Łochów"
369,"/wiki/%C5%81omianki"" title=""Łomianki"
370,"/wiki/%C5%81om%C5%BCa"" title=""Łomża"
371,"/wiki/%C5%81osice"" title=""Łosice"
372,"/wiki/%C5%81owicz"" title=""Łowicz"
373,"/wiki/%C5%81%C3%B3d%C5%BA"" title=""Łódź"
374,"/wiki/%C5%81uk%C3%B3w"" title=""Łuków"
375,"/wiki/Mak%C3%B3w_Mazowiecki"" title=""Maków Mazowiecki"
376,"/wiki/Mak%C3%B3w_Podhala%C5%84ski"" title=""Maków Podhalański"
377,"/wiki/Malbork"" title=""Malbork"
378,"/wiki/Ma%C5%82ogoszcz"" title=""Małogoszcz"
379,"/wiki/Ma%C5%82omice"" title=""Małomice"
380,"/wiki/Margonin"" title=""Margonin"
381,"/wiki/Marki"" title=""Marki"
382,"/wiki/Maszewo"" title=""Maszewo"
383,"/wiki/Miasteczko_%C5%9Al%C4%85skie"" title=""Miasteczko Śląskie"
384,"/wiki/Miastko"" title=""Miastko"
385,"/wiki/Micha%C5%82owo"" title=""Michałowo"
386,"/wiki/Miech%C3%B3w"" title=""Miechów"
387,"/wiki/Miejska_G%C3%B3rka"" title=""Miejska Górka"
388,"/wiki/Mielec"" title=""Mielec"
389,"/wiki/Mielno"" title=""Mielno"
390,"/wiki/Mierosz%C3%B3w"" title=""Mieroszów"
391,"/wiki/Mieszkowice"" title=""Mieszkowice"
392,"/wiki/Mi%C4%99dzyb%C3%B3rz"" title=""Międzybórz"
393,"/wiki/Mi%C4%99dzych%C3%B3d"" title=""Międzychód"
394,"/wiki/Mi%C4%99dzylesie"" title=""Międzylesie"
395,"/wiki/Mi%C4%99dzyrzec_Podlaski"" title=""Międzyrzec Podlaski"
396,"/wiki/Mi%C4%99dzyrzecz"" title=""Międzyrzecz"
397,"/wiki/Mi%C4%99dzyzdroje"" title=""Międzyzdroje"
398,"/wiki/Miko%C5%82ajki"" title=""Mikołajki"
399,"/wiki/Miko%C5%82%C3%B3w"" title=""Mikołów"
400,"/wiki/Mikstat"" title=""Mikstat"
401,"/wiki/Milan%C3%B3wek"" title=""Milanówek"
402,"/wiki/Milicz"" title=""Milicz"
403,"/wiki/Mi%C5%82akowo"" title=""Miłakowo"
404,"/wiki/Mi%C5%82om%C5%82yn"" title=""Miłomłyn"
405,"/wiki/Mi%C5%82os%C5%82aw"" title=""Miłosław"
406,"/wiki/Mi%C5%84sk_Mazowiecki"" title=""Mińsk Mazowiecki"
407,"/wiki/Miros%C5%82awiec"" title=""Mirosławiec"
408,"/wiki/Mirsk"" title=""Mirsk"
409,"/wiki/M%C5%82awa"" title=""Mława"
410,"/wiki/M%C5%82ynary"" title=""Młynary"
411,"/wiki/Modliborzyce"" title=""Modliborzyce"
412,"/wiki/Mogielnica"" title=""Mogielnica"
413,"/wiki/Mogilno"" title=""Mogilno"
414,"/wiki/Mo%C5%84ki"" title=""Mońki"
415,"/wiki/Morawica"" title=""Morawica"
416,"/wiki/Mor%C4%85g"" title=""Morąg"
417,"/wiki/Mordy"" title=""Mordy"
418,"/wiki/Mory%C5%84"" title=""Moryń"
419,"/wiki/Mosina"" title=""Mosina"
420,"/wiki/Mr%C4%85gowo"" title=""Mrągowo"
421,"/wiki/Mrocza"" title=""Mrocza"
422,"/wiki/Mrozy"" title=""Mrozy"
423,"/wiki/Mszana_Dolna"" title=""Mszana Dolna"
424,"/wiki/Mszczon%C3%B3w"" title=""Mszczonów"
425,"/wiki/Murowana_Go%C5%9Blina"" title=""Murowana Goślina"
426,"/wiki/Muszyna"" title=""Muszyna"
427,"/wiki/Mys%C5%82owice"" title=""Mysłowice"
428,"/wiki/Myszk%C3%B3w"" title=""Myszków"
429,"/wiki/Myszyniec"" title=""Myszyniec"
430,"/wiki/My%C5%9Blenice"" title=""Myślenice"
431,"/wiki/My%C5%9Blib%C3%B3rz"" title=""Myślibórz"
432,"/wiki/Nak%C5%82o_nad_Noteci%C4%85"" title=""Nakło nad Notecią"
433,"/wiki/Na%C5%82%C4%99cz%C3%B3w"" title=""Nałęczów"
434,"/wiki/Namys%C5%82%C3%B3w"" title=""Namysłów"
435,"/wiki/Narol"" title=""Narol"
436,"/wiki/Nasielsk"" title=""Nasielsk"
437,"/wiki/Nekla"" title=""Nekla"
438,"/wiki/Nidzica"" title=""Nidzica"
439,"/wiki/Niemcza"" title=""Niemcza"
440,"/wiki/Niemodlin"" title=""Niemodlin"
441,"/wiki/Niepo%C5%82omice"" title=""Niepołomice"
442,"/wiki/Nieszawa"" title=""Nieszawa"
443,"/wiki/Nisko"" title=""Nisko"
444,"/wiki/Nowa_D%C4%99ba"" title=""Nowa Dęba"
445,"/wiki/Nowa_Ruda"" title=""Nowa Ruda"
446,"/wiki/Nowa_Sarzyna"" title=""Nowa Sarzyna"
447,"/wiki/Nowa_S%C5%82upia"" title=""Nowa Słupia"
448,"/wiki/Nowa_S%C3%B3l"" title=""Nowa Sól"
449,"/wiki/Nowe"" title=""Nowe"
450,"/wiki/Nowe_Brzesko"" title=""Nowe Brzesko"
451,"/wiki/Nowe_Miasteczko"" title=""Nowe Miasteczko"
452,"/wiki/Nowe_Miasto_Lubawskie"" title=""Nowe Miasto Lubawskie"
453,"/wiki/Nowe_Miasto_nad_Pilic%C4%85"" title=""Nowe Miasto nad Pilicą"
454,"/wiki/Nowe_Skalmierzyce"" title=""Nowe Skalmierzyce"
455,"/wiki/Nowe_Warpno"" title=""Nowe Warpno"
456,"/wiki/Nowogard"" title=""Nowogard"
457,"/wiki/Nowogrodziec"" title=""Nowogrodziec"
458,"/wiki/Nowogr%C3%B3d"" title=""Nowogród"
459,"/wiki/Nowogr%C3%B3d_Bobrza%C5%84ski"" title=""Nowogród Bobrzański"
460,"/wiki/Nowy_Dw%C3%B3r_Gda%C5%84ski"" title=""Nowy Dwór Gdański"
461,"/wiki/Nowy_Dw%C3%B3r_Mazowiecki"" title=""Nowy Dwór Mazowiecki"
462,"/wiki/Nowy_Korczyn"" title=""Nowy Korczyn"
463,"/wiki/Nowy_S%C4%85cz"" title=""Nowy Sącz"
464,"/wiki/Nowy_Staw"" title=""Nowy Staw"
465,"/wiki/Nowy_Targ"" title=""Nowy Targ"
466,"/wiki/Nowy_Tomy%C5%9Bl"" title=""Nowy Tomyśl"
467,"/wiki/Nowy_Wi%C5%9Bnicz"" title=""Nowy Wiśnicz"
468,"/wiki/Nysa"" title=""Nysa"
469,"/wiki/Oborniki"" title=""Oborniki"
470,"/wiki/Oborniki_%C5%9Al%C4%85skie"" title=""Oborniki Śląskie"
471,"/wiki/Obrzycko"" title=""Obrzycko"
472,"/wiki/Odolan%C3%B3w"" title=""Odolanów"
473,"/wiki/Ogrodzieniec"" title=""Ogrodzieniec"
474,"/wiki/Okonek"" title=""Okonek"
475,"/wiki/Olecko"" title=""Olecko"
476,"/wiki/Olesno"" title=""Olesno"
477,"/wiki/Oleszyce"" title=""Oleszyce"
478,"/wiki/Ole%C5%9Bnica"" title=""Oleśnica"
479,"/wiki/Olkusz"" title=""Olkusz"
480,"/wiki/Olsztyn"" title=""Olsztyn"
481,"/wiki/Olsztynek"" title=""Olsztynek"
482,"/wiki/Olszyna"" title=""Olszyna"
483,"/wiki/O%C5%82awa"" title=""Oława"
484,"/wiki/Opalenica"" title=""Opalenica"
485,"/wiki/Opatowiec"" title=""Opatowiec"
486,"/wiki/Opat%C3%B3w"" title=""Opatów"
487,"/wiki/Opat%C3%B3wek"" title=""Opatówek"
488,"/wiki/Opoczno"" title=""Opoczno"
489,"/wiki/Opole"" title=""Opole"
490,"/wiki/Opole_Lubelskie"" title=""Opole Lubelskie"
491,"/wiki/Orneta"" title=""Orneta"
492,"/wiki/Orzesze"" title=""Orzesze"
493,"/wiki/Orzysz"" title=""Orzysz"
494,"/wiki/Osieczna"" title=""Osieczna"
495,"/wiki/Ostro%C5%82%C4%99ka"" title=""Ostrołęka"
496,"/wiki/Ostror%C3%B3g"" title=""Ostroróg"
497,"/wiki/Ostrowiec_%C5%9Awi%C4%99tokrzyski"" title=""Ostrowiec Świętokrzyski"
498,"/wiki/Ostr%C3%B3da"" title=""Ostróda"
499,"/wiki/Ostr%C3%B3w_Lubelski"" title=""Ostrów Lubelski"
500,"/wiki/Ostr%C3%B3w_Mazowiecka"" title=""Ostrów Mazowiecka"
501,"/wiki/Ostr%C3%B3w_Wielkopolski"" title=""Ostrów Wielkopolski"
502,"/wiki/Ostrzesz%C3%B3w"" title=""Ostrzeszów"
503,"/wiki/O%C5%9Bno_Lubuskie"" title=""Ośno Lubuskie"
504,"/wiki/O%C5%9Bwi%C4%99cim"" title=""Oświęcim"
505,"/wiki/Otmuch%C3%B3w"" title=""Otmuchów"
506,"/wiki/Otwock"" title=""Otwock"
507,"/wiki/Oty%C5%84"" title=""Otyń"
508,"/wiki/Ozimek"" title=""Ozimek"
509,"/wiki/Ozork%C3%B3w"" title=""Ozorków"
510,"/wiki/O%C5%BCar%C3%B3w"" title=""Ożarów"
511,"/wiki/O%C5%BCar%C3%B3w_Mazowiecki"" title=""Ożarów Mazowiecki"
512,"/wiki/Pabianice"" title=""Pabianice"
513,"/wiki/Pacan%C3%B3w"" title=""Pacanów"
514,"/wiki/Paczk%C3%B3w"" title=""Paczków"
515,"/wiki/Paj%C4%99czno"" title=""Pajęczno"
516,"/wiki/Pako%C5%9B%C4%87"" title=""Pakość"
517,"/wiki/Parczew"" title=""Parczew"
518,"/wiki/Pas%C5%82%C4%99k"" title=""Pasłęk"
519,"/wiki/Pasym"" title=""Pasym"
520,"/wiki/Pelplin"" title=""Pelplin"
521,"/wiki/Pe%C5%82czyce"" title=""Pełczyce"
522,"/wiki/Piaseczno"" title=""Piaseczno"
523,"/wiki/Piast%C3%B3w"" title=""Piastów"
524,"/wiki/Piechowice"" title=""Piechowice"
525,"/wiki/Piekary_%C5%9Al%C4%85skie"" title=""Piekary Śląskie"
526,"/wiki/Pieni%C4%99%C5%BCno"" title=""Pieniężno"
527,"/wiki/Pie%C5%84sk"" title=""Pieńsk"
528,"/wiki/Pierzchnica"" title=""Pierzchnica"
529,"/wiki/Pieszyce"" title=""Pieszyce"
530,"/wiki/Pi%C5%82awa_G%C3%B3rna"" title=""Piława Górna"
531,"/wiki/Pi%C5%84cz%C3%B3w"" title=""Pińczów"
532,"/wiki/Pionki"" title=""Pionki"
533,"/wiki/Piotrk%C3%B3w_Kujawski"" title=""Piotrków Kujawski"
534,"/wiki/Piotrk%C3%B3w_Trybunalski"" title=""Piotrków Trybunalski"
535,"/wiki/Pisz"" title=""Pisz"
536,"/wiki/Pleszew"" title=""Pleszew"
537,"/wiki/P%C5%82ock"" title=""Płock"
538,"/wiki/P%C5%82o%C5%84sk"" title=""Płońsk"
539,"/wiki/P%C5%82oty"" title=""Płoty"
540,"/wiki/Pniewy"" title=""Pniewy"
541,"/wiki/Pobiedziska"" title=""Pobiedziska"
542,"/wiki/Podd%C4%99bice"" title=""Poddębice"
543,"/wiki/Podkowa_Le%C5%9Bna"" title=""Podkowa Leśna"
544,"/wiki/Pogorzela"" title=""Pogorzela"
545,"/wiki/Polan%C3%B3w"" title=""Polanów"
546,"/wiki/Police"" title=""Police"
547,"/wiki/Polkowice"" title=""Polkowice"
548,"/wiki/Po%C5%82aniec"" title=""Połaniec"
549,"/wiki/Poniatowa"" title=""Poniatowa"
550,"/wiki/Poniec"" title=""Poniec"
551,"/wiki/Por%C4%99ba"" title=""Poręba"
552,"/wiki/Pozna%C5%84"" title=""Poznań"
553,"/wiki/Prabuty"" title=""Prabuty"
554,"/wiki/Praszka"" title=""Praszka"
555,"/wiki/Prochowice"" title=""Prochowice"
556,"/wiki/Proszowice"" title=""Proszowice"
557,"/wiki/Pr%C3%B3szk%C3%B3w"" title=""Prószków"
558,"/wiki/Pruchnik"" title=""Pruchnik"
559,"/wiki/Prudnik"" title=""Prudnik"
560,"/wiki/Prusice"" title=""Prusice"
561,"/wiki/Pruszcz_Gda%C5%84ski"" title=""Pruszcz Gdański"
562,"/wiki/Pruszk%C3%B3w"" title=""Pruszków"
563,"/wiki/Przasnysz"" title=""Przasnysz"
564,"/wiki/Przec%C5%82aw"" title=""Przecław"
565,"/wiki/Przedb%C3%B3rz"" title=""Przedbórz"
566,"/wiki/Przedecz"" title=""Przedecz"
567,"/wiki/Przemk%C3%B3w"" title=""Przemków"
568,"/wiki/Przemy%C5%9Bl"" title=""Przemyśl"
569,"/wiki/Przeworsk"" title=""Przeworsk"
570,"/wiki/Przysucha"" title=""Przysucha"
571,"/wiki/Pszczyna"" title=""Pszczyna"
572,"/wiki/Psz%C3%B3w"" title=""Pszów"
573,"/wiki/Puck"" title=""Puck"
574,"/wiki/Pu%C5%82awy"" title=""Puławy"
575,"/wiki/Pu%C5%82tusk"" title=""Pułtusk"
576,"/wiki/Puszczykowo"" title=""Puszczykowo"
577,"/wiki/Pyrzyce"" title=""Pyrzyce"
578,"/wiki/Pyskowice"" title=""Pyskowice"
579,"/wiki/Pyzdry"" title=""Pyzdry"
580,"/wiki/Raci%C4%85%C5%BC"" title=""Raciąż"
581,"/wiki/Racib%C3%B3rz"" title=""Racibórz"
582,"/wiki/Radk%C3%B3w"" title=""Radków"
583,"/wiki/Radlin"" title=""Radlin"
584,"/wiki/Rad%C5%82%C3%B3w"" title=""Radłów"
585,"/wiki/Radom"" title=""Radom"
586,"/wiki/Radomsko"" title=""Radomsko"
587,"/wiki/Radomy%C5%9Bl_Wielki"" title=""Radomyśl Wielki"
588,"/wiki/Radoszyce"" title=""Radoszyce"
589,"/wiki/Radymno"" title=""Radymno"
590,"/wiki/Radziej%C3%B3w"" title=""Radziejów"
591,"/wiki/Radzionk%C3%B3w"" title=""Radzionków"
592,"/wiki/Radzymin"" title=""Radzymin"
593,"/wiki/Radzy%C5%84_Che%C5%82mi%C5%84ski"" title=""Radzyń Chełmiński"
594,"/wiki/Radzy%C5%84_Podlaski"" title=""Radzyń Podlaski"
595,"/wiki/Rajgr%C3%B3d"" title=""Rajgród"
596,"/wiki/Rakoniewice"" title=""Rakoniewice"
597,"/wiki/Raszk%C3%B3w"" title=""Raszków"
598,"/wiki/Rawa_Mazowiecka"" title=""Rawa Mazowiecka"
599,"/wiki/Rawicz"" title=""Rawicz"
600,"/wiki/Recz"" title=""Recz"
601,"/wiki/Rejowiec"" title=""Rejowiec"
602,"/wiki/Rejowiec_Fabryczny"" title=""Rejowiec Fabryczny"
603,"/wiki/Resko"" title=""Resko"
604,"/wiki/Reszel"" title=""Reszel"
605,"/wiki/Rogo%C5%BAno"" title=""Rogoźno"
606,"/wiki/Ropczyce"" title=""Ropczyce"
607,"/wiki/R%C3%B3%C5%BCan"" title=""Różan"
608,"/wiki/Ruda_%C5%9Al%C4%85ska"" title=""Ruda Śląska"
609,"/wiki/Rudnik_nad_Sanem"" title=""Rudnik nad Sanem"
610,"/wiki/Rumia"" title=""Rumia"
611,"/wiki/Rybnik"" title=""Rybnik"
612,"/wiki/Rychwa%C5%82"" title=""Rychwał"
613,"/wiki/Rydu%C5%82towy"" title=""Rydułtowy"
614,"/wiki/Rydzyna"" title=""Rydzyna"
615,"/wiki/Ryglice"" title=""Ryglice"
616,"/wiki/Ryki"" title=""Ryki"
617,"/wiki/Ryman%C3%B3w"" title=""Rymanów"
618,"/wiki/Ryn"" title=""Ryn"
619,"/wiki/Rypin"" title=""Rypin"
620,"/wiki/Rzepin"" title=""Rzepin"
621,"/wiki/Rzesz%C3%B3w"" title=""Rzeszów"
622,"/wiki/Rzg%C3%B3w"" title=""Rzgów"
623,"/wiki/Sandomierz"" title=""Sandomierz"
624,"/wiki/Sanniki"" title=""Sanniki"
625,"/wiki/Sanok"" title=""Sanok"
626,"/wiki/Sejny"" title=""Sejny"
627,"/wiki/Serock"" title=""Serock"
628,"/wiki/S%C4%99dzisz%C3%B3w"" title=""Sędziszów"
629,"/wiki/S%C4%99dzisz%C3%B3w_Ma%C5%82opolski"" title=""Sędziszów Małopolski"
630,"/wiki/S%C4%99popol"" title=""Sępopol"
631,"/wiki/S%C4%99p%C3%B3lno_Kraje%C5%84skie"" title=""Sępólno Krajeńskie"
632,"/wiki/Sian%C3%B3w"" title=""Sianów"
633,"/wiki/Siechnice"" title=""Siechnice"
634,"/wiki/Siedlce"" title=""Siedlce"
635,"/wiki/Siedliszcze"" title=""Siedliszcze"
636,"/wiki/Siemianowice_%C5%9Al%C4%85skie"" title=""Siemianowice Śląskie"
637,"/wiki/Siemiatycze"" title=""Siemiatycze"
638,"/wiki/Sieniawa"" title=""Sieniawa"
639,"/wiki/Sieradz"" title=""Sieradz"
640,"/wiki/Sierak%C3%B3w"" title=""Sieraków"
641,"/wiki/Sierpc"" title=""Sierpc"
642,"/wiki/Siewierz"" title=""Siewierz"
643,"/wiki/Skalbmierz"" title=""Skalbmierz"
644,"/wiki/Skarszewy"" title=""Skarszewy"
645,"/wiki/Skaryszew"" title=""Skaryszew"
646,"/wiki/Skawina"" title=""Skawina"
647,"/wiki/Sk%C4%99pe"" title=""Skępe"
648,"/wiki/Skierniewice"" title=""Skierniewice"
649,"/wiki/Skocz%C3%B3w"" title=""Skoczów"
650,"/wiki/Sk%C3%B3rcz"" title=""Skórcz"
651,"/wiki/Skwierzyna"" title=""Skwierzyna"
652,"/wiki/S%C5%82awno"" title=""Sławno"
653,"/wiki/S%C5%82omniki"" title=""Słomniki"
654,"/wiki/S%C5%82ubice"" title=""Słubice"
655,"/wiki/S%C5%82upca"" title=""Słupca"
656,"/wiki/S%C5%82upsk"" title=""Słupsk"
657,"/wiki/Sochaczew"" title=""Sochaczew"
658,"/wiki/Sochocin"" title=""Sochocin"
659,"/wiki/Soko%C5%82%C3%B3w_Ma%C5%82opolski"" title=""Sokołów Małopolski"
660,"/wiki/Soko%C5%82%C3%B3w_Podlaski"" title=""Sokołów Podlaski"
661,"/wiki/Sok%C3%B3%C5%82ka"" title=""Sokółka"
662,"/wiki/Solec_Kujawski"" title=""Solec Kujawski"
663,"/wiki/Solec_nad_Wis%C5%82%C4%85"" title=""Solec nad Wisłą"
664,"/wiki/Sompolno"" title=""Sompolno"
665,"/wiki/Sopot"" title=""Sopot"
666,"/wiki/Sosnowiec"" title=""Sosnowiec"
667,"/wiki/So%C5%9Bnicowice"" title=""Sośnicowice"
668,"/wiki/Stalowa_Wola"" title=""Stalowa Wola"
669,"/wiki/Starachowice"" title=""Starachowice"
670,"/wiki/Stargard"" title=""Stargard"
671,"/wiki/Starogard_Gda%C5%84ski"" title=""Starogard Gdański"
672,"/wiki/Stary_S%C4%85cz"" title=""Stary Sącz"
673,"/wiki/Stasz%C3%B3w"" title=""Staszów"
674,"/wiki/Stawiski"" title=""Stawiski"
675,"/wiki/Stawiszyn"" title=""Stawiszyn"
676,"/wiki/St%C4%85pork%C3%B3w"" title=""Stąporków"
677,"/wiki/Stepnica"" title=""Stepnica"
678,"/wiki/St%C4%99szew"" title=""Stęszew"
679,"/wiki/Stoczek_%C5%81ukowski"" title=""Stoczek Łukowski"
680,"/wiki/Stopnica"" title=""Stopnica"
681,"/wiki/Stronie_%C5%9Al%C4%85skie"" title=""Stronie Śląskie"
682,"/wiki/Stryk%C3%B3w"" title=""Stryków"
683,"/wiki/Strzegom"" title=""Strzegom"
684,"/wiki/Strzelce_Kraje%C5%84skie"" title=""Strzelce Krajeńskie"
685,"/wiki/Strzelce_Opolskie"" title=""Strzelce Opolskie"
686,"/wiki/Strzelin"" title=""Strzelin"
687,"/wiki/Strzelno"" title=""Strzelno"
688,"/wiki/Strzy%C5%BC%C3%B3w"" title=""Strzyżów"
689,"/wiki/Sucha_Beskidzka"" title=""Sucha Beskidzka"
690,"/wiki/Sucha%C5%84"" title=""Suchań"
691,"/wiki/Suchedni%C3%B3w"" title=""Suchedniów"
692,"/wiki/Suchowola"" title=""Suchowola"
693,"/wiki/Sulech%C3%B3w"" title=""Sulechów"
694,"/wiki/Sulej%C3%B3w"" title=""Sulejów"
695,"/wiki/Sulej%C3%B3wek"" title=""Sulejówek"
696,"/wiki/Sul%C4%99cin"" title=""Sulęcin"
697,"/wiki/Sulmierzyce"" title=""Sulmierzyce"
698,"/wiki/Su%C5%82kowice"" title=""Sułkowice"
699,"/wiki/Supra%C5%9Bl"" title=""Supraśl"
700,"/wiki/Sura%C5%BC"" title=""Suraż"
701,"/wiki/Susz"" title=""Susz"
702,"/wiki/Suwa%C5%82ki"" title=""Suwałki"
703,"/wiki/Swarz%C4%99dz"" title=""Swarzędz"
704,"/wiki/Syc%C3%B3w"" title=""Syców"
705,"/wiki/Szadek"" title=""Szadek"
706,"/wiki/Szamocin"" title=""Szamocin"
707,"/wiki/Szamotu%C5%82y"" title=""Szamotuły"
708,"/wiki/Szczawnica"" title=""Szczawnica"
709,"/wiki/Szczebrzeszyn"" title=""Szczebrzeszyn"
710,"/wiki/Szczecin"" title=""Szczecin"
711,"/wiki/Szczecinek"" title=""Szczecinek"
712,"/wiki/Szczekociny"" title=""Szczekociny"
713,"/wiki/Szczucin"" title=""Szczucin"
714,"/wiki/Szczyrk"" title=""Szczyrk"
715,"/wiki/Szczytna"" title=""Szczytna"
716,"/wiki/Szczytno"" title=""Szczytno"
717,"/wiki/Szepietowo"" title=""Szepietowo"
718,"/wiki/Szklarska_Por%C4%99ba"" title=""Szklarska Poręba"
719,"/wiki/Szlichtyngowa"" title=""Szlichtyngowa"
720,"/wiki/Szprotawa"" title=""Szprotawa"
721,"/wiki/Sztum"" title=""Sztum"
722,"/wiki/Szubin"" title=""Szubin"
723,"/wiki/Szyd%C5%82%C3%B3w"" title=""Szydłów"
724,"/wiki/Szyd%C5%82owiec"" title=""Szydłowiec"
725,"/wiki/%C5%9Acinawa"" title=""Ścinawa"
726,"/wiki/%C5%9Alesin"" title=""Ślesin"
727,"/wiki/%C5%9Amigiel"" title=""Śmigiel"
728,"/wiki/%C5%9Arem"" title=""Śrem"
729,"/wiki/%C5%9Aroda_%C5%9Al%C4%85ska"" title=""Środa Śląska"
730,"/wiki/%C5%9Aroda_Wielkopolska"" title=""Środa Wielkopolska"
731,"/wiki/%C5%9Awi%C4%85tniki_G%C3%B3rne"" title=""Świątniki Górne"
732,"/wiki/%C5%9Awidnica"" title=""Świdnica"
733,"/wiki/%C5%9Awidnik"" title=""Świdnik"
734,"/wiki/%C5%9Awidwin"" title=""Świdwin"
735,"/wiki/%C5%9Awiebodzice"" title=""Świebodzice"
736,"/wiki/%C5%9Awiebodzin"" title=""Świebodzin"
737,"/wiki/%C5%9Awiecie"" title=""Świecie"
738,"/wiki/%C5%9Awierzawa"" title=""Świerzawa"
739,"/wiki/%C5%9Awi%C4%99toch%C5%82owice"" title=""Świętochłowice"
740,"/wiki/%C5%9Awinouj%C5%9Bcie"" title=""Świnoujście"
741,"/wiki/Tarczyn"" title=""Tarczyn"
742,"/wiki/Tarnobrzeg"" title=""Tarnobrzeg"
743,"/wiki/Tarnogr%C3%B3d"" title=""Tarnogród"
744,"/wiki/Tarnowskie_G%C3%B3ry"" title=""Tarnowskie Góry"
745,"/wiki/Tarn%C3%B3w"" title=""Tarnów"
746,"/wiki/Tczew"" title=""Tczew"
747,"/wiki/Terespol"" title=""Terespol"
748,"/wiki/Tolkmicko"" title=""Tolkmicko"
749,"/wiki/Tomasz%C3%B3w_Lubelski"" title=""Tomaszów Lubelski"
750,"/wiki/Tomasz%C3%B3w_Mazowiecki"" title=""Tomaszów Mazowiecki"
751,"/wiki/Toru%C5%84"" title=""Toruń"
752,"/wiki/Torzym"" title=""Torzym"
753,"/wiki/Toszek"" title=""Toszek"
754,"/wiki/Trzcianka"" title=""Trzcianka"
755,"/wiki/Trzciel"" title=""Trzciel"
756,"/wiki/Trzebiat%C3%B3w"" title=""Trzebiatów"
757,"/wiki/Trzebinia"" title=""Trzebinia"
758,"/wiki/Trzebnica"" title=""Trzebnica"
759,"/wiki/Trzemeszno"" title=""Trzemeszno"
760,"/wiki/Tuchola"" title=""Tuchola"
761,"/wiki/Tuch%C3%B3w"" title=""Tuchów"
762,"/wiki/Tuczno"" title=""Tuczno"
763,"/wiki/Tuliszk%C3%B3w"" title=""Tuliszków"
764,"/wiki/Tu%C5%82owice"" title=""Tułowice"
765,"/wiki/Turek"" title=""Turek"
766,"/wiki/Tuszyn"" title=""Tuszyn"
767,"/wiki/Twardog%C3%B3ra"" title=""Twardogóra"
768,"/wiki/Tychowo"" title=""Tychowo"
769,"/wiki/Tychy"" title=""Tychy"
770,"/wiki/Tyczyn"" title=""Tyczyn"
771,"/wiki/Tykocin"" title=""Tykocin"
772,"/wiki/Tyszowce"" title=""Tyszowce"
773,"/wiki/Ujazd"" title=""Ujazd"
774,"/wiki/Ulan%C3%B3w"" title=""Ulanów"
775,"/wiki/Uniej%C3%B3w"" title=""Uniejów"
776,"/wiki/Urz%C4%99d%C3%B3w"" title=""Urzędów"
777,"/wiki/Ustka"" title=""Ustka"
778,"/wiki/Ustro%C5%84"" title=""Ustroń"
779,"/wiki/Ustrzyki_Dolne"" title=""Ustrzyki Dolne"
780,"/wiki/Wadowice"" title=""Wadowice"
781,"/wiki/Wa%C5%82brzych"" title=""Wałbrzych"
782,"/wiki/Wa%C5%82cz"" title=""Wałcz"
783,"/wiki/Warka"" title=""Warka"
784,"/wiki/Warszawa"" title=""Warszawa"
785,"/wiki/Wasilk%C3%B3w"" title=""Wasilków"
786,"/wiki/W%C4%85brze%C5%BAno"" title=""Wąbrzeźno"
787,"/wiki/W%C4%85chock"" title=""Wąchock"
788,"/wiki/W%C4%85growiec"" title=""Wągrowiec"
789,"/wiki/Wejherowo"" title=""Wejherowo"
790,"/wiki/W%C4%99gliniec"" title=""Węgliniec"
791,"/wiki/W%C4%99gorzewo"" title=""Węgorzewo"
792,"/wiki/W%C4%99gorzyno"" title=""Węgorzyno"
793,"/wiki/W%C4%99gr%C3%B3w"" title=""Węgrów"
794,"/wiki/Wi%C4%85z%C3%B3w"" title=""Wiązów"
795,"/wiki/Wielbark"" title=""Wielbark"
796,"/wiki/Wiele%C5%84"" title=""Wieleń"
797,"/wiki/Wielichowo"" title=""Wielichowo"
798,"/wiki/Wieliczka"" title=""Wieliczka"
799,"/wiki/Wielu%C5%84"" title=""Wieluń"
800,"/wiki/Wierusz%C3%B3w"" title=""Wieruszów"
801,"/wiki/Wi%C4%99cbork"" title=""Więcbork"
802,"/wiki/Wilamowice"" title=""Wilamowice"
803,"/wiki/Wiskitki"" title=""Wiskitki"
804,"/wiki/Wi%C5%9Blica"" title=""Wiślica"
805,"/wiki/Witkowo"" title=""Witkowo"
806,"/wiki/Witnica"" title=""Witnica"
807,"/wiki/Wle%C5%84"" title=""Wleń"
808,"/wiki/W%C5%82adys%C5%82awowo"" title=""Władysławowo"
809,"/wiki/W%C5%82oc%C5%82awek"" title=""Włocławek"
810,"/wiki/W%C5%82odawa"" title=""Włodawa"
811,"/wiki/W%C5%82oszczowa"" title=""Włoszczowa"
812,"/wiki/Wodzis%C5%82aw"" title=""Wodzisław"
813,"/wiki/Wodzis%C5%82aw_%C5%9Al%C4%85ski"" title=""Wodzisław Śląski"
814,"/wiki/Wojciesz%C3%B3w"" title=""Wojcieszów"
815,"/wiki/Wojkowice"" title=""Wojkowice"
816,"/wiki/Wojnicz"" title=""Wojnicz"
817,"/wiki/Wolb%C3%B3rz"" title=""Wolbórz"
818,"/wiki/Wolbrom"" title=""Wolbrom"
819,"/wiki/Wolsztyn"" title=""Wolsztyn"
820,"/wiki/Wo%C5%82czyn"" title=""Wołczyn"
821,"/wiki/Wo%C5%82omin"" title=""Wołomin"
822,"/wiki/Wo%C5%82%C3%B3w"" title=""Wołów"
823,"/wiki/Wo%C5%BAniki"" title=""Woźniki"
824,"/wiki/Wroc%C5%82aw"" title=""Wrocław"
825,"/wiki/Wronki"" title=""Wronki"
826,"/wiki/Wrze%C5%9Bnia"" title=""Września"
827,"/wiki/Wschowa"" title=""Wschowa"
828,"/wiki/Wyrzysk"" title=""Wyrzysk"
829,"/wiki/Wysokie_Mazowieckie"" title=""Wysokie Mazowieckie"
830,"/wiki/Wyszk%C3%B3w"" title=""Wyszków"
831,"/wiki/Wy%C5%9Bmierzyce"" title=""Wyśmierzyce"
832,"/wiki/Zab%C5%82ud%C3%B3w"" title=""Zabłudów"
833,"/wiki/Zabrze"" title=""Zabrze"
834,"/wiki/Zag%C3%B3r%C3%B3w"" title=""Zagórów"
835,"/wiki/Zag%C3%B3rz"" title=""Zagórz"
836,"/wiki/Zakliczyn"" title=""Zakliczyn"
837,"/wiki/Zaklik%C3%B3w"" title=""Zaklików"
838,"/wiki/Zakopane"" title=""Zakopane"
839,"/wiki/Zakroczym"" title=""Zakroczym"
840,"/wiki/Zalewo"" title=""Zalewo"
841,"/wiki/Zambr%C3%B3w"" title=""Zambrów"
842,"/wiki/Zamo%C5%9B%C4%87"" title=""Zamość"
843,"/wiki/Zawadzkie"" title=""Zawadzkie"
844,"/wiki/Zawichost"" title=""Zawichost"
845,"/wiki/Zawid%C3%B3w"" title=""Zawidów"
846,"/wiki/Zawiercie"" title=""Zawiercie"
847,"/wiki/Z%C4%85bki"" title=""Ząbki"
848,"/wiki/Z%C4%85bkowice_%C5%9Al%C4%85skie"" title=""Ząbkowice Śląskie"
849,"/wiki/Zb%C4%85szynek"" title=""Zbąszynek"
850,"/wiki/Zb%C4%85szy%C5%84"" title=""Zbąszyń"
851,"/wiki/Zduny"" title=""Zduny"
852,"/wiki/Zdu%C5%84ska_Wola"" title=""Zduńska Wola"
853,"/wiki/Zdzieszowice"" title=""Zdzieszowice"
854,"/wiki/Zel%C3%B3w"" title=""Zelów"
855,"/wiki/Zgierz"" title=""Zgierz"
856,"/wiki/Zgorzelec"" title=""Zgorzelec"
857,"/wiki/Zielona_G%C3%B3ra"" title=""Zielona Góra"
858,"/wiki/Zi%C4%99bice"" title=""Ziębice"
859,"/wiki/Z%C5%82ocieniec"" title=""Złocieniec"
860,"/wiki/Z%C5%82oczew"" title=""Złoczew"
861,"/wiki/Z%C5%82otoryja"" title=""Złotoryja"
862,"/wiki/Z%C5%82ot%C3%B3w"" title=""Złotów"
863,"/wiki/Z%C5%82oty_Stok"" title=""Złoty Stok"
864,"/wiki/%C5%BBabno"" title=""Żabno"
865,"/wiki/%C5%BBaga%C5%84"" title=""Żagań"
866,"/wiki/%C5%BBarki"" title=""Żarki"
867,"/wiki/%C5%BBar%C3%B3w"" title=""Żarów"
868,"/wiki/%C5%BBary"" title=""Żary"
869,"/wiki/%C5%BBelech%C3%B3w"" title=""Żelechów"
870,"/wiki/%C5%BBerk%C3%B3w"" title=""Żerków"
871,"/wiki/%C5%BBmigr%C3%B3d"" title=""Żmigród"
872,"/wiki/%C5%BBnin"" title=""Żnin"
873,"/wiki/%C5%BBory"" title=""Żory"
874,"/wiki/%C5%BBukowo"" title=""Żukowo"
875,"/wiki/%C5%BBuromin"" title=""Żuromin"
876,"/wiki/%C5%BBychlin"" title=""Żychlin"
877,"/wiki/%C5%BByrard%C3%B3w"" title=""Żyrardów"
878,"/wiki/%C5%BBywiec"" title=""Żywiec"
